Period_start;Period_end;Name;Picture;Picture_saved;Term/Details
1575;1576;Peter Tiara;//upload.wikimedia.org/wikipedia/commons/thumb/1/1b/Peter_Tiara.jpg/62pxPeter_Tiara.jpg;pictures/Peter Tiara.jpg;
1576;1577;Guilliaume Feuguiéres[2][3];;;
1577;1578;Peter Tiara;//upload.wikimedia.org/wikipedia/commons/thumb/1/1b/Peter_Tiara.jpg/62pxPeter_Tiara.jpg;pictures/Peter Tiara.jpg;2
1578;1579;Peter Tiara;//upload.wikimedia.org/wikipedia/commons/thumb/1/1b/Peter_Tiara.jpg/62pxPeter_Tiara.jpg;pictures/Peter Tiara.jpg;3
1579;1580;Justus Lipsius;//upload.wikimedia.org/wikipedia/commons/thumb/b/be/Justus_Lipsius_by_Peter_Paul_Rubens.jpg/62pxJustus_Lipsius_by_Peter_Paul_Rubens.jpg;pictures/Justus Lipsius.jpg;
1580;1581;Justus Lipsius;//upload.wikimedia.org/wikipedia/commons/thumb/b/be/Justus_Lipsius_by_Peter_Paul_Rubens.jpg/62pxJustus_Lipsius_by_Peter_Paul_Rubens.jpg;pictures/Justus Lipsius.jpg;2
1581;1582;Cornelis de Groot;;;
1582;1583;Gerard Bontius;;;
1583;1584;Johannes Heurnius;//upload.wikimedia.org/wikipedia/commons/thumb/e/ec/Johannes_Heurnius_01.jpg/62pxJohannes_Heurnius_01.jpg;pictures/Johannes Heurnius.jpg;
1584;1585;Johannes Heurnius;//upload.wikimedia.org/wikipedia/commons/thumb/e/ec/Johannes_Heurnius_01.jpg/62pxJohannes_Heurnius_01.jpg;pictures/Johannes Heurnius.jpg;2
1585;1586;Adrianus Saravia;;;
1586;1587;Adrianus Saravia;;;2
1587;1588;Justus Lipsius;//upload.wikimedia.org/wikipedia/commons/thumb/b/be/Justus_Lipsius_by_Peter_Paul_Rubens.jpg/62pxJustus_Lipsius_by_Peter_Paul_Rubens.jpg;pictures/Justus Lipsius.jpg;3
1588;1589;Justus Lipsius;//upload.wikimedia.org/wikipedia/commons/thumb/b/be/Justus_Lipsius_by_Peter_Paul_Rubens.jpg/62pxJustus_Lipsius_by_Peter_Paul_Rubens.jpg;pictures/Justus Lipsius.jpg;4
1589;1590;Julius van Beyma;//upload.wikimedia.org/wikipedia/commons/thumb/5/5d/JuliusBeyma.jpg/62pxJuliusBeyma.jpg;pictures/Julius van Beyma.jpg;
1590;1591;Julius van Beyma;//upload.wikimedia.org/wikipedia/commons/thumb/5/5d/JuliusBeyma.jpg/62pxJuliusBeyma.jpg;pictures/Julius van Beyma.jpg;2
1591;1592;Thomas Sosius;;;ook: Thomas Zoesius of Thomas van Soest
1592;1593;Johannes Heurnius;//upload.wikimedia.org/wikipedia/commons/thumb/e/ec/Johannes_Heurnius_01.jpg/62pxJohannes_Heurnius_01.jpg;pictures/Johannes Heurnius.jpg;3
1593;1594;Johannes Heurnius;//upload.wikimedia.org/wikipedia/commons/thumb/e/ec/Johannes_Heurnius_01.jpg/62pxJohannes_Heurnius_01.jpg;pictures/Johannes Heurnius.jpg;4
1594;1595;Cornelis de Groot;;;
1595;1596;Cornelis de Groot;;;
1596;1597;Cornelis de Groot;;;
1597;1598;Franciscus Gomarus;//upload.wikimedia.org/wikipedia/commons/thumb/f/fd/Franciscus_Gomarus.png/62pxFranciscus_Gomarus.png;pictures/Franciscus Gomarus.jpg;
1598;1599;Franciscus Gomarus;//upload.wikimedia.org/wikipedia/commons/thumb/f/fd/Franciscus_Gomarus.png/62pxFranciscus_Gomarus.png;pictures/Franciscus Gomarus.jpg;2
1599;1599;Gerard Bontius;;;2
1599;1600;Johannes Heurnius;//upload.wikimedia.org/wikipedia/commons/thumb/e/ec/Johannes_Heurnius_01.jpg/62pxJohannes_Heurnius_01.jpg;pictures/Johannes Heurnius.jpg;5
1600;1601;Johannes Heurnius;//upload.wikimedia.org/wikipedia/commons/thumb/e/ec/Johannes_Heurnius_01.jpg/62pxJohannes_Heurnius_01.jpg;pictures/Johannes Heurnius.jpg;6
1601;1602;Pieter Pauw;//upload.wikimedia.org/wikipedia/commons/thumb/f/f6/Petrus_Paaw.jpg/62pxPetrus_Paaw.jpg;pictures/Pieter Pauw.jpg;1
1602;1603;Paulus Merula;//upload.wikimedia.org/wikipedia/commons/thumb/b/b5/PaulusMerula.jpg/62pxPaulusMerula.jpg;pictures/Paulus Merula.jpg;
1603;1604;Cornelis de Groot;;;5
1604;1605;Everard van Bronkhorst;//upload.wikimedia.org/wikipedia/commons/thumb/3/31/EverardBronchorst.jpg/62pxEverardBronchorst.jpg;pictures/Everard van Bronkhorst.jpg;
1605;1606;Jacobus Arminius;//upload.wikimedia.org/wikipedia/commons/thumb/1/1d/James_Arminius_2.jpg/62pxJames_Arminius_2.jpg;pictures/Jacobus Arminius.jpg;
1606;1607;Pieter Pauw;//upload.wikimedia.org/wikipedia/commons/thumb/f/f6/Petrus_Paaw.jpg/62pxPetrus_Paaw.jpg;pictures/Pieter Pauw.jpg;2
1607;1608;Rudolph Snellius;//upload.wikimedia.org/wikipedia/commons/thumb/d/d8/Rudolph_Snellius.gif/62pxRudolph_Snellius.gif;pictures/Rudolph Snellius.jpg;
1608;1609;Cornelis de Groot;;;6
1609;1610;Aelius Everhardus Vorstius;//upload.wikimedia.org/wikipedia/commons/thumb/d/d6/AeliusEverhardusVorstius.jpg/62pxAeliusEverhardusVorstius.jpg;pictures/Aelius Everhardus Vorstius.jpg;
1610;1611;Rudolph Snellius;//upload.wikimedia.org/wikipedia/commons/thumb/d/d8/Rudolph_Snellius.gif/62pxRudolph_Snellius.gif;pictures/Rudolph Snellius.jpg;2
1611;1612;Rudolph Snellius;//upload.wikimedia.org/wikipedia/commons/thumb/d/d8/Rudolph_Snellius.gif/62pxRudolph_Snellius.gif;pictures/Rudolph Snellius.jpg;3
1612;1613;Aelius Everhardus Vorstius;//upload.wikimedia.org/wikipedia/commons/thumb/d/d6/AeliusEverhardusVorstius.jpg/62pxAeliusEverhardusVorstius.jpg;pictures/Aelius Everhardus Vorstius.jpg;2
1613;1614;Johannes Polyander van Kerckhoven;//upload.wikimedia.org/wikipedia/commons/thumb/1/15/Joh_Polyander_a_Kerkhoven.jpg/62pxJoh_Polyander_a_Kerkhoven.jpg;pictures/Johannes Polyander van Kerckhoven.jpg;1
1614;1615;Pieter Pauw;//upload.wikimedia.org/wikipedia/commons/thumb/f/f6/Petrus_Paaw.jpg/62pxPetrus_Paaw.jpg;pictures/Pieter Pauw.jpg;3
1615;1616;Cornelius Paulinus Swanenburg;//upload.wikimedia.org/wikipedia/commons/thumb/4/4e/CSwanenburg.jpg/62pxCSwanenburg.jpg;pictures/Cornelius Paulinus Swanenburg.jpg;
1616;1617;Wilhelm Coddaeus;//upload.wikimedia.org/wikipedia/commons/thumb/6/6d/Wilhelmus_Coddaeus.jpg/62pxWilhelmus_Coddaeus.jpg;pictures/Wilhelm Coddaeus.jpg;
1617;1618;Johannes Polyander a Kerckhoven;//upload.wikimedia.org/wikipedia/commons/thumb/1/15/Joh_Polyander_a_Kerkhoven.jpg/62pxJoh_Polyander_a_Kerkhoven.jpg;pictures/Johannes Polyander a Kerckhoven.jpg;2
1618;1619;Johannes Polyander a Kerckhoven;//upload.wikimedia.org/wikipedia/commons/thumb/1/15/Joh_Polyander_a_Kerkhoven.jpg/62pxJoh_Polyander_a_Kerkhoven.jpg;pictures/Johannes Polyander a Kerckhoven.jpg;3
1619;1620;Reiner Bontius;//upload.wikimedia.org/wikipedia/commons/thumb/1/11/ReinerBontius.jpg/62pxReinerBontius.jpg;pictures/Reiner Bontius.jpg;
1620;1621;Reiner Bontius;//upload.wikimedia.org/wikipedia/commons/thumb/1/11/ReinerBontius.jpg/62pxReinerBontius.jpg;pictures/Reiner Bontius.jpg;2
1621;1622;Aelius Everhardus Vorstius;//upload.wikimedia.org/wikipedia/commons/thumb/d/d6/AeliusEverhardusVorstius.jpg/62pxAeliusEverhardusVorstius.jpg;pictures/Aelius Everhardus Vorstius.jpg;3
1622;1623;Aelius Everhardus Vorstius;//upload.wikimedia.org/wikipedia/commons/thumb/d/d6/AeliusEverhardusVorstius.jpg/62pxAeliusEverhardusVorstius.jpg;pictures/Aelius Everhardus Vorstius.jpg;4
1623;1624;Petrus Cunaeus;//upload.wikimedia.org/wikipedia/commons/thumb/5/51/Petrus_Cunaeus.jpg/62pxPetrus_Cunaeus.jpg;pictures/Petrus Cunaeus.jpg;
1624;1625;Petrus Cunaeus;//upload.wikimedia.org/wikipedia/commons/thumb/5/51/Petrus_Cunaeus.jpg/62pxPetrus_Cunaeus.jpg;pictures/Petrus Cunaeus.jpg;2
1625;1626;Antonius Walaeus;//upload.wikimedia.org/wikipedia/commons/thumb/8/8d/Antonius_Walaeus_%28Bailly%29.jpg/62pxAntonius_Walaeus_%28Bailly%29.jpg;pictures/Antonius Walaeus.jpg;
1626;1627;Antonius Walaeus;//upload.wikimedia.org/wikipedia/commons/thumb/4/41/AntoniusWalaeus2.jpg/62pxAntoniusWalaeus2.jpg;pictures/Antonius Walaeus.jpg;2
1627;1628;Johannes Polyander a Kerckhoven;//upload.wikimedia.org/wikipedia/commons/thumb/1/15/Joh_Polyander_a_Kerkhoven.jpg/62pxJoh_Polyander_a_Kerkhoven.jpg;pictures/Johannes Polyander a Kerckhoven.jpg;4
1628;1629;Johannes Polyander a Kerckhoven;//upload.wikimedia.org/wikipedia/commons/thumb/1/15/Joh_Polyander_a_Kerkhoven.jpg/62pxJoh_Polyander_a_Kerkhoven.jpg;pictures/Johannes Polyander a Kerckhoven.jpg;5
1629;1630;Franco Petri Burgersdijk;//upload.wikimedia.org/wikipedia/commons/thumb/d/da/Franco_Petri_Burgersdijk.jpg/62pxFranco_Petri_Burgersdijk.jpg;pictures/Franco Petri Burgersdijk.jpg;
1630;1631;Franco Petri Burgersdijk;//upload.wikimedia.org/wikipedia/commons/thumb/d/da/Franco_Petri_Burgersdijk.jpg/62pxFranco_Petri_Burgersdijk.jpg;pictures/Franco Petri Burgersdijk.jpg;2
1631;1632;Ewaldus Schrevelius;//upload.wikimedia.org/wikipedia/commons/thumb/4/49/EwaldusSchrevelius.jpg/62pxEwaldusSchrevelius.jpg;pictures/Ewaldus Schrevelius.jpg;
1632;1633;Petrus Cunaeus;//upload.wikimedia.org/wikipedia/commons/thumb/5/51/Petrus_Cunaeus.jpg/62pxPetrus_Cunaeus.jpg;pictures/Petrus Cunaeus.jpg;3
1633;1634;Antonius Thysius;//upload.wikimedia.org/wikipedia/commons/thumb/4/42/AntoniusThysius.JPG/62pxAntoniusThysius.JPG;pictures/Antonius Thysius.jpg;
1634;1635;Franco Petri Burgersdijk;//upload.wikimedia.org/wikipedia/commons/thumb/d/da/Franco_Petri_Burgersdijk.jpg/62pxFranco_Petri_Burgersdijk.jpg;pictures/Franco Petri Burgersdijk.jpg;3
1635;1636;Johannes Polyander a Kerckhoven;//upload.wikimedia.org/wikipedia/commons/thumb/1/15/Joh_Polyander_a_Kerkhoven.jpg/62pxJoh_Polyander_a_Kerkhoven.jpg;pictures/Johannes Polyander a Kerckhoven.jpg;6
1636;1637;Adolphus Vorstius;//upload.wikimedia.org/wikipedia/commons/thumb/4/48/AdolphusVorstius.jpg/62pxAdolphusVorstius.jpg;pictures/Adolphus Vorstius.jpg;
1637;1638;Petrus Cunaeus;//upload.wikimedia.org/wikipedia/commons/thumb/5/51/Petrus_Cunaeus.jpg/62pxPetrus_Cunaeus.jpg;pictures/Petrus Cunaeus.jpg;4
1638;1639;Constantinus l'Empereur van Opwijck;//upload.wikimedia.org/wikipedia/commons/thumb/b/b8/L%27Empereur_Constantin.jpg/62pxL%27Empereur_Constantin.jpg;pictures/Constantinus l'Empereur van Opwijck.jpg;
1639;1639;Antonius Walaeus;//upload.wikimedia.org/wikipedia/commons/thumb/4/41/AntoniusWalaeus2.jpg/62pxAntoniusWalaeus2.jpg;pictures/Antonius Walaeus.jpg;(3) +
1639;1640;Nicolaus Dedel;;;
1640;1641;Johannes Polyander a Kerckhoven;//upload.wikimedia.org/wikipedia/commons/thumb/1/15/Joh_Polyander_a_Kerkhoven.jpg/62pxJoh_Polyander_a_Kerkhoven.jpg;pictures/Johannes Polyander a Kerckhoven.jpg;7
1641;1642;Otto Heurnius;//upload.wikimedia.org/wikipedia/commons/thumb/3/3b/OttoHeurnius2.jpg/62pxOttoHeurnius2.jpg;pictures/Otto Heurnius.jpg;
1642;1643;Jacobus Golius;//upload.wikimedia.org/wikipedia/commons/thumb/b/bf/JacobGolius.jpg/62pxJacobGolius.jpg;pictures/Jacobus Golius.jpg;
1643;1644;Jacobus Trigland;//upload.wikimedia.org/wikipedia/commons/thumb/3/37/Jacobus_Trigland_15831654.jpg/62pxJacobus_Trigland_15831654.jpg;pictures/Jacobus Trigland.jpg;
1644;1645;Bernardus Schotanus;//upload.wikimedia.org/wikipedia/commons/thumb/d/d5/Bernardus_Schotanus.jpg/62pxBernardus_Schotanus.jpg;pictures/Bernardus Schotanus.jpg;
1645;1646;Johannes Polyander a Kerckhoven;//upload.wikimedia.org/wikipedia/commons/thumb/1/15/Joh_Polyander_a_Kerkhoven.jpg/62pxJoh_Polyander_a_Kerkhoven.jpg;pictures/Johannes Polyander a Kerckhoven.jpg;8
1646;1647;Ewaldus Schrevelius;//upload.wikimedia.org/wikipedia/commons/thumb/4/49/EwaldusSchrevelius.jpg/62pxEwaldusSchrevelius.jpg;pictures/Ewaldus Schrevelius.jpg;2
1647;1648;Friedrich Spanheim sr.;//upload.wikimedia.org/wikipedia/commons/thumb/e/ec/Friedrich_Spanheim.jpg/62pxFriedrich_Spanheim.jpg;pictures/Friedrich Spanheim sr..jpg;
1648;1649;Otto Heurnius;//upload.wikimedia.org/wikipedia/commons/thumb/3/3b/OttoHeurnius2.jpg/62pxOttoHeurnius2.jpg;pictures/Otto Heurnius.jpg;2
1649;1650;Arnold Vinnius;//upload.wikimedia.org/wikipedia/commons/thumb/7/79/Vinnius.jpeg/62pxVinnius.jpeg;pictures/Arnold Vinnius.jpg;
1650;1651;Jacobus Trigland;//upload.wikimedia.org/wikipedia/commons/thumb/3/37/Jacobus_Trigland_15831654.jpg/62pxJacobus_Trigland_15831654.jpg;pictures/Jacobus Trigland.jpg;2
1651;1652;Jacobus Golius;//upload.wikimedia.org/wikipedia/commons/thumb/b/bf/JacobGolius.jpg/62pxJacobGolius.jpg;pictures/Jacobus Golius.jpg;2
1652;1653;Adolphus Vorstius;//upload.wikimedia.org/wikipedia/commons/thumb/4/48/AdolphusVorstius.jpg/62pxAdolphusVorstius.jpg;pictures/Adolphus Vorstius.jpg;2
1653;1654;Jacobus Maestertius;//upload.wikimedia.org/wikipedia/commons/thumb/a/a7/Jacobus_Maestertius.jpg/62pxJacobus_Maestertius.jpg;pictures/Jacobus Maestertius.jpg;
1654;1655;Abrahamus Heidanus;//upload.wikimedia.org/wikipedia/commons/thumb/4/4b/AbrahamHeidanus.jpg/62pxAbrahamHeidanus.jpg;pictures/Abrahamus Heidanus.jpg;
1655;1655;Albertus Kyperus;//upload.wikimedia.org/wikipedia/commons/thumb/2/26/AlbertusKyperus.jpg/62pxAlbertusKyperus.jpg;pictures/Albertus Kyperus.jpg;+
1655;1656;Johannes Antonides van der Linden;//upload.wikimedia.org/wikipedia/commons/thumb/c/c5/Joh_Anton_v_d_Linden.jpg/62pxJoh_Anton_v_d_Linden.jpg;pictures/Johannes Antonides van der Linden.jpg;
1656;1657;Jacobus Golius;//upload.wikimedia.org/wikipedia/commons/thumb/b/bf/JacobGolius.jpg/62pxJacobGolius.jpg;pictures/Jacobus Golius.jpg;3
1657;1657;Arnold Vinnius;//upload.wikimedia.org/wikipedia/commons/thumb/7/79/Vinnius.jpeg/62pxVinnius.jpeg;pictures/Arnold Vinnius.jpg;(2) +
1657;1658;Adriaan Beeckerts van Thienen;//upload.wikimedia.org/wikipedia/commons/thumb/1/1f/AdriaanBeeckertsvanThien.jpg/62pxAdriaanBeeckertsvanThien.jpg;pictures/Adriaan Beeckerts van Thienen.jpg;
1658;1659;Antonius Thysius jr.;;;
1659;1660;Johannes Coccejus;//upload.wikimedia.org/wikipedia/commons/thumb/e/e6/Johannes_Coccejus.gif/62pxJohannes_Coccejus.gif;pictures/Johannes Coccejus.jpg;
1660;1661;Adolphus Vorstius;//upload.wikimedia.org/wikipedia/commons/thumb/4/48/AdolphusVorstius.jpg/62pxAdolphusVorstius.jpg;pictures/Adolphus Vorstius.jpg;3
1661;1662;Johann Friedrich Gronovius;//upload.wikimedia.org/wikipedia/commons/thumb/1/16/Johann_Friedrich_Gronovius__Imagines_philologorum.jpg/62pxJohann_Friedrich_Gronovius__Imagines_philologorum.jpg;pictures/Johann Friedrich Gronovius.jpg;
1662;1663;Abrahamus Heidanus;//upload.wikimedia.org/wikipedia/commons/thumb/4/4b/AbrahamHeidanus.jpg/62pxAbrahamHeidanus.jpg;pictures/Abrahamus Heidanus.jpg;2
1663;1664;Adriaan Beeckerts van Thienen;//upload.wikimedia.org/wikipedia/commons/thumb/1/1f/AdriaanBeeckertsvanThien.jpg/62pxAdriaanBeeckertsvanThien.jpg;pictures/Adriaan Beeckerts van Thienen.jpg;
1664;1665;Johannes Hoornbeeck;//upload.wikimedia.org/wikipedia/commons/thumb/c/c5/Frans_Hals_107_WGA_version.jpg/62pxFrans_Hals_107_WGA_version.jpg;pictures/Johannes Hoornbeeck.jpg;
1665;1666;Jacobus Golius;//upload.wikimedia.org/wikipedia/commons/thumb/b/bf/JacobGolius.jpg/62pxJacobGolius.jpg;pictures/Jacobus Golius.jpg;4
1666;1667;Florentius Schuyl;//upload.wikimedia.org/wikipedia/commons/thumb/f/f1/FlorentiusSchuyl.jpg/62pxFlorentiusSchuyl.jpg;pictures/Florentius Schuyl.jpg;
1667;1668;Albertus Rusius;//upload.wikimedia.org/wikipedia/commons/thumb/0/06/AlbertusRusius.jpg/62pxAlbertusRusius.jpg;pictures/Albertus Rusius.jpg;
1668;1669;Johannes Coccejus;//upload.wikimedia.org/wikipedia/commons/thumb/e/e6/Johannes_Coccejus.gif/62pxJohannes_Coccejus.gif;pictures/Johannes Coccejus.jpg;2
1669;1670;Franciscus de le Boë Sylvius;//upload.wikimedia.org/wikipedia/commons/thumb/e/e7/Franciscus_Sylvius_and_his_Wife.jpg/62pxFranciscus_Sylvius_and_his_Wife.jpg;pictures/Franciscus de le Boë Sylvius.jpg;
1670;1671;Johann Friedrich Gronovius;//upload.wikimedia.org/wikipedia/commons/thumb/1/16/Johann_Friedrich_Gronovius__Imagines_philologorum.jpg/62pxJohann_Friedrich_Gronovius__Imagines_philologorum.jpg;pictures/Johann Friedrich Gronovius.jpg;2
1671;1672;Abrahamus Heidanus;//upload.wikimedia.org/wikipedia/commons/thumb/4/4b/AbrahamHeidanus.jpg/62pxAbrahamHeidanus.jpg;pictures/Abrahamus Heidanus.jpg;3
1672;1673;Albertus Rusius;//upload.wikimedia.org/wikipedia/commons/thumb/0/06/AlbertusRusius.jpg/62pxAlbertusRusius.jpg;pictures/Albertus Rusius.jpg;2
1673;1674;Friedrich Spanheim jr.;//upload.wikimedia.org/wikipedia/commons/thumb/c/c2/Friedrich_Spanheim_jr.jpg/62pxFriedrich_Spanheim_jr.jpg;pictures/Friedrich Spanheim jr..jpg;1
1674;1675;Arnoldus Seijen;;;
1675;1676;Johannes Friedrich Böckelmann;//upload.wikimedia.org/wikipedia/commons/thumb/1/13/JohannesFriedrichBoeckheim.jpg/62pxJohannesFriedrichBoeckheim.jpg;pictures/Johannes Friedrich Böckelmann.jpg;
1676;1677;Johannes Coccius;;;
1677;1678;Etienne le Moine;//upload.wikimedia.org/wikipedia/commons/thumb/a/a3/StephanusleMoine.jpg/62pxStephanusleMoine.jpg;pictures/Etienne le Moine.jpg;
1678;1679;Antonius Matthaeus III;//upload.wikimedia.org/wikipedia/commons/thumb/4/47/AntonMatthaeus16721719.jpg/62pxAntonMatthaeus16721719.jpg;pictures/Antonius Matthaeus III.jpg;
1679;1680;Charles Drelincurtius;//upload.wikimedia.org/wikipedia/commons/thumb/7/7e/Charles_Drelincourt_d_Y.jpg/62pxCharles_Drelincourt_d_Y.jpg;pictures/Charles Drelincurtius.jpg;
1680;1681;Friedrich Spanheim jr.;//upload.wikimedia.org/wikipedia/commons/thumb/c/c2/Friedrich_Spanheim_jr.jpg/62pxFriedrich_Spanheim_jr.jpg;pictures/Friedrich Spanheim jr..jpg;2
1681;1682;Johannes Voet;//upload.wikimedia.org/wikipedia/commons/thumb/2/2f/Johannes_Voet.jpg/62pxJohannes_Voet.jpg;pictures/Johannes Voet.jpg;
1682;1683;Theodorus Rijcke;//upload.wikimedia.org/wikipedia/commons/thumb/e/e4/TheodorusRycke.jpg/62pxTheodorusRycke.jpg;pictures/Theodorus Rijcke.jpg;
1683;1684;Antonius Hulsius;//upload.wikimedia.org/wikipedia/commons/thumb/9/9f/Antonius_Hulsius.jpg/62pxAntonius_Hulsius.jpg;pictures/Antonius Hulsius.jpg;
1684;1685;Lucas Schacht;//upload.wikimedia.org/wikipedia/commons/thumb/1/13/LucasSchacht.jpg/62pxLucasSchacht.jpg;pictures/Lucas Schacht.jpg;
1685;1686;Wolferdus Senguerdius;//upload.wikimedia.org/wikipedia/commons/thumb/f/f7/WolferdusSenguerdius.jpg/62pxWolferdusSenguerdius.jpg;pictures/Wolferdus Senguerdius.jpg;1
1686;1687;Johannes Voet;//upload.wikimedia.org/wikipedia/commons/thumb/d/d0/Denhaag_kunstwerk_johannes_voet.jpg/62pxDenhaag_kunstwerk_johannes_voet.jpg;pictures/Johannes Voet.jpg;2
1687;1688;Friedrich Spanheim jr.;//upload.wikimedia.org/wikipedia/commons/thumb/c/c2/Friedrich_Spanheim_jr.jpg/62pxFriedrich_Spanheim_jr.jpg;pictures/Friedrich Spanheim jr..jpg;3
1688;1689;Charles Drelincurtius;//upload.wikimedia.org/wikipedia/commons/thumb/7/7e/Charles_Drelincourt_d_Y.jpg/62pxCharles_Drelincourt_d_Y.jpg;pictures/Charles Drelincurtius.jpg;2
1689;1690;Jacobus Trigland jr.;//upload.wikimedia.org/wikipedia/commons/thumb/a/ac/Jacobus_Trigland_d_J.jpg/62pxJacobus_Trigland_d_J.jpg;pictures/Jacobus Trigland jr..jpg;
1690;1691;Paul Hermann;;;
1691;1692;Wolferdus Senguerdius;//upload.wikimedia.org/wikipedia/commons/thumb/f/f7/WolferdusSenguerdius.jpg/62pxWolferdusSenguerdius.jpg;pictures/Wolferdus Senguerdius.jpg;2
1692;1693;Friedrich Spanheim jr.;//upload.wikimedia.org/wikipedia/commons/thumb/c/c2/Friedrich_Spanheim_jr.jpg/62pxFriedrich_Spanheim_jr.jpg;pictures/Friedrich Spanheim jr..jpg;4
1693;1694;Philippus Reinhardus Vitriarius;//upload.wikimedia.org/wikipedia/commons/thumb/f/f3/PhilippReinhardVitriarius.jpg/62pxPhilippReinhardVitriarius.jpg;pictures/Philippus Reinhardus Vitriarius.jpg;
1694;1695;Charles Drelincurtius;//upload.wikimedia.org/wikipedia/commons/thumb/7/7e/Charles_Drelincourt_d_Y.jpg/62pxCharles_Drelincourt_d_Y.jpg;pictures/Charles Drelincurtius.jpg;3
1695;1696;Johannes a Marck;//upload.wikimedia.org/wikipedia/commons/thumb/5/57/JohannesaMarck.jpg/62pxJohannesaMarck.jpg;pictures/Johannes a Marck.jpg;1
1696;1697;Govert Bidloo;//upload.wikimedia.org/wikipedia/commons/thumb/0/06/Govard_Bidloo_portrait.jpg/62pxGovard_Bidloo_portrait.jpg;pictures/Govert Bidloo.jpg;
1697;1698;Burchard de Volder;;;
1698;1699;Gerard Noodt;//upload.wikimedia.org/wikipedia/commons/thumb/4/49/GerhardNoodt.jpg/62pxGerhardNoodt.jpg;pictures/Gerard Noodt.jpg;
1699;1700;Jacobus Trigland jr.;//upload.wikimedia.org/wikipedia/commons/thumb/a/ac/Jacobus_Trigland_d_J.jpg/62pxJacobus_Trigland_d_J.jpg;pictures/Jacobus Trigland jr..jpg;2
1700;1701;Frederick Dekkers;//upload.wikimedia.org/wikipedia/commons/thumb/f/f8/FrederikDekkers01.jpg/62pxFrederikDekkers01.jpg;pictures/Frederick Dekkers.jpg;
1701;1702;Wolferdus Senguerdius;//upload.wikimedia.org/wikipedia/commons/thumb/f/f7/WolferdusSenguerdius.jpg/62pxWolferdusSenguerdius.jpg;pictures/Wolferdus Senguerdius.jpg;3
1702;1703;Philippus Reinhardus Vitriarius;//upload.wikimedia.org/wikipedia/commons/thumb/f/f3/PhilippReinhardVitriarius.jpg/62pxPhilippReinhardVitriarius.jpg;pictures/Philippus Reinhardus Vitriarius.jpg;2
1703;1704;Jacobus Gronovius;//upload.wikimedia.org/wikipedia/commons/thumb/f/fd/Jakob_Gronovius__Imagines_philologorum.jpg/62pxJakob_Gronovius__Imagines_philologorum.jpg;pictures/Jacobus Gronovius.jpg;1
1704;1705;Salomon van Til;//upload.wikimedia.org/wikipedia/commons/thumb/c/c6/SalomonvanTil.jpg/62pxSalomonvanTil.jpg;pictures/Salomon van Til.jpg;
1705;1706;Gerard Noodt;//upload.wikimedia.org/wikipedia/commons/thumb/4/49/GerhardNoodt.jpg/62pxGerhardNoodt.jpg;pictures/Gerard Noodt.jpg;2
1706;1707;Jacobus le Mort;//upload.wikimedia.org/wikipedia/commons/thumb/8/80/JacobusleMort.jpg/62pxJacobusleMort.jpg;pictures/Jacobus le Mort.jpg;
1707;1708;Jacob Perizonius;//upload.wikimedia.org/wikipedia/commons/thumb/2/2a/Jakob_Perizonius__Imagines_philologorum.jpg/62pxJakob_Perizonius__Imagines_philologorum.jpg;pictures/Jacob Perizonius.jpg;
1708;1709;Franciscus Fabricius;//upload.wikimedia.org/wikipedia/commons/thumb/3/3d/FranciscusFabricius.jpg/62pxFranciscusFabricius.jpg;pictures/Franciscus Fabricius.jpg;1
1709;1710;Johannes Voet;//upload.wikimedia.org/wikipedia/commons/thumb/d/d0/Denhaag_kunstwerk_johannes_voet.jpg/62pxDenhaag_kunstwerk_johannes_voet.jpg;pictures/Johannes Voet.jpg;3
1710;1711;Bernhard Friedrich Albinus;//upload.wikimedia.org/wikipedia/commons/thumb/5/5d/BernhardusAlbinus16531721.jpg/62pxBernhardusAlbinus16531721.jpg;pictures/Bernhard Friedrich Albinus.jpg;
1711;1712;Jacobus Gronovius;//upload.wikimedia.org/wikipedia/commons/thumb/f/fd/Jakob_Gronovius__Imagines_philologorum.jpg/62pxJakob_Gronovius__Imagines_philologorum.jpg;pictures/Jacobus Gronovius.jpg;2
1712;1713;Johannes a Marck;//upload.wikimedia.org/wikipedia/commons/thumb/5/57/JohannesaMarck.jpg/62pxJohannesaMarck.jpg;pictures/Johannes a Marck.jpg;2
1713;1714;Philippus Reinhardus Vitriarius;//upload.wikimedia.org/wikipedia/commons/thumb/f/f3/PhilippReinhardVitriarius.jpg/62pxPhilippReinhardVitriarius.jpg;pictures/Philippus Reinhardus Vitriarius.jpg;3
1714;1715;Herman Boerhaave;//upload.wikimedia.org/wikipedia/commons/thumb/2/25/Arent_de_Gelder__Herman_Boerhaave.jpg/62pxArent_de_Gelder__Herman_Boerhaave.jpg;pictures/Herman Boerhaave.jpg;1
1715;1716;Wolferdus Senguerdius;//upload.wikimedia.org/wikipedia/commons/thumb/f/f7/WolferdusSenguerdius.jpg/62pxWolferdusSenguerdius.jpg;pictures/Wolferdus Senguerdius.jpg;4
1716;1717;Franciscus Fabricius;//upload.wikimedia.org/wikipedia/commons/thumb/3/3d/FranciscusFabricius.jpg/62pxFranciscusFabricius.jpg;pictures/Franciscus Fabricius.jpg;2
1717;1718;Antonius Schultingh;//upload.wikimedia.org/wikipedia/commons/thumb/6/61/AntoniusSchultingh.jpg/62pxAntoniusSchultingh.jpg;pictures/Antonius Schultingh.jpg;
1718;1719;Johannes Jacobus Rau;//upload.wikimedia.org/wikipedia/commons/thumb/0/0a/JohannesJacobRau.jpg/62pxJohannesJacobRau.jpg;pictures/Johannes Jacobus Rau.jpg;
1719;1720;Petrus Burmannus Senior;//upload.wikimedia.org/wikipedia/commons/thumb/d/d5/Pieter_Burmann_der_%C3%84ltere__Imagines_philologorum.jpg/62pxPieter_Burmann_der_%C3%84ltere__Imagines_philologorum.jpg;pictures/Petrus Burmannus Senior.jpg;1
1720;1721;Tako Hajo van den Honert;//upload.wikimedia.org/wikipedia/commons/thumb/6/69/T_H_v_d_Honert.jpg/62pxT_H_v_d_Honert.jpg;pictures/Tako Hajo van den Honert.jpg;1
1721;1722;Johann Jacob Vitriarius;//upload.wikimedia.org/wikipedia/commons/thumb/e/e5/Johannes_Jacobus_Vitriarius.jpg/62pxJohannes_Jacobus_Vitriarius.jpg;pictures/Johann Jacob Vitriarius.jpg;
1722;1723;Hermannus Oosterdijk Schacht;//upload.wikimedia.org/wikipedia/commons/thumb/1/16/HermannusOosterdijkSchach.jpg/62pxHermannusOosterdijkSchach.jpg;pictures/Hermannus Oosterdijk Schacht.jpg;1
1723;1724;Willem Jacob 's Gravesande;//upload.wikimedia.org/wikipedia/commons/thumb/b/b7/Gravesande.jpg/62pxGravesande.jpg;pictures/Willem Jacob 's Gravesande.jpg;
1724;1725;Franciscus Fabricius;//upload.wikimedia.org/wikipedia/commons/thumb/3/3d/FranciscusFabricius.jpg/62pxFranciscusFabricius.jpg;pictures/Franciscus Fabricius.jpg;3
1725;1726;Johann Ortwin Westenberg;//upload.wikimedia.org/wikipedia/commons/thumb/a/a1/Johann_Ortwin_Westenberg.jpg/62pxJohann_Ortwin_Westenberg.jpg;pictures/Johann Ortwin Westenberg.jpg;1
1726;1727;Bernhard Siegfried Albinus;//upload.wikimedia.org/wikipedia/commons/thumb/c/c9/Bernhard_Siegfried_Albinus.jpg/62pxBernhard_Siegfried_Albinus.jpg;pictures/Bernhard Siegfried Albinus.jpg;
1727;1728;Jacobus Wittichius;//upload.wikimedia.org/wikipedia/commons/thumb/a/ad/Jacob_Wittich.jpg/62pxJacob_Wittich.jpg;pictures/Jacobus Wittichius.jpg;1
1728;1729;Johannes Wesselius;//upload.wikimedia.org/wikipedia/commons/thumb/0/01/Johannes_Wessel.jpg/62pxJohannes_Wessel.jpg;pictures/Johannes Wesselius.jpg;1
1729;1730;Antonius Schultingh;//upload.wikimedia.org/wikipedia/commons/thumb/6/61/AntoniusSchultingh.jpg/62pxAntoniusSchultingh.jpg;pictures/Antonius Schultingh.jpg;2
1730;1731;Herman Boerhaave;//upload.wikimedia.org/wikipedia/commons/thumb/3/3e/HermanBoerhaaveL_B.jpg/62pxHermanBoerhaaveL_B.jpg;pictures/Herman Boerhaave.jpg;2
1731;1732;Petrus Burmannus Senior;//upload.wikimedia.org/wikipedia/commons/thumb/5/5e/PieterBurman_d_E.jpg/62pxPieterBurman_d_E.jpg;pictures/Petrus Burmannus Senior.jpg;2
1732;1733;Tako Hajo van den Honert;//upload.wikimedia.org/wikipedia/commons/thumb/6/69/T_H_v_d_Honert.jpg/62pxT_H_v_d_Honert.jpg;pictures/Tako Hajo van den Honert.jpg;2
1733;1734;Johann Ortwin Westenberg;//upload.wikimedia.org/wikipedia/commons/thumb/a/a1/Johann_Ortwin_Westenberg.jpg/62pxJohann_Ortwin_Westenberg.jpg;pictures/Johann Ortwin Westenberg.jpg;2
1734;1735;Hermannus Oosterdijk Schacht;//upload.wikimedia.org/wikipedia/commons/thumb/1/16/HermannusOosterdijkSchach.jpg/62pxHermannusOosterdijkSchach.jpg;pictures/Hermannus Oosterdijk Schacht.jpg;2
1735;1736;Jacobus Wittichius;//upload.wikimedia.org/wikipedia/commons/thumb/a/ad/Jacob_Wittich.jpg/62pxJacob_Wittich.jpg;pictures/Jacobus Wittichius.jpg;2
1736;1737;Franciscus Fabricius;//upload.wikimedia.org/wikipedia/commons/thumb/3/3d/FranciscusFabricius.jpg/62pxFranciscusFabricius.jpg;pictures/Franciscus Fabricius.jpg;4
1737;1738;Johann Jacob Vitriarius;//upload.wikimedia.org/wikipedia/commons/thumb/e/e5/Johannes_Jacobus_Vitriarius.jpg/62pxJohannes_Jacobus_Vitriarius.jpg;pictures/Johann Jacob Vitriarius.jpg;2
1738;1739;Bernhard Siegfried Albinus;//upload.wikimedia.org/wikipedia/commons/thumb/c/c9/Bernhard_Siegfried_Albinus.jpg/62pxBernhard_Siegfried_Albinus.jpg;pictures/Bernhard Siegfried Albinus.jpg;2
1739;1740;Albertus Schultens;//upload.wikimedia.org/wikipedia/commons/thumb/8/8f/AlbertSchultens.jpg/62pxAlbertSchultens.jpg;pictures/Albertus Schultens.jpg;
1740;1741;Johannes Wesselius;//upload.wikimedia.org/wikipedia/commons/thumb/0/01/Johannes_Wessel.jpg/62pxJohannes_Wessel.jpg;pictures/Johannes Wesselius.jpg;2
1741;1742;Joannes Conradus Rücker;//upload.wikimedia.org/wikipedia/commons/thumb/e/e1/J_C_Ruecker.jpg/62pxJ_C_Ruecker.jpg;pictures/Joannes Conradus Rücker.jpg;1
1742;1743;Adriaan van Royen;//upload.wikimedia.org/wikipedia/commons/thumb/4/41/Adriaan_van_Royen.jpg/62pxAdriaan_van_Royen.jpg;pictures/Adriaan van Royen.jpg;
1743;1744;Pieter van Musschenbroeck;//upload.wikimedia.org/wikipedia/commons/thumb/0/06/P_v_Musschenbroek_tE.jpg/62pxP_v_Musschenbroek_tE.jpg;pictures/Pieter van Musschenbroeck.jpg;
1744;1745;Johan van den Honert;//upload.wikimedia.org/wikipedia/commons/thumb/c/c4/Johan_van_den_Honert.jpg/62pxJohan_van_den_Honert.jpg;pictures/Johan van den Honert.jpg;
1745;1746;Gerlach Scheltinga;//upload.wikimedia.org/wikipedia/commons/thumb/d/df/G_Scheltinga.jpg/62pxG_Scheltinga.jpg;pictures/Gerlach Scheltinga.jpg;
1746;1747;Hiëronymus David Gaubius;//upload.wikimedia.org/wikipedia/commons/thumb/2/23/HieronymusDavidGaub.jpg/62pxHieronymusDavidGaub.jpg;pictures/Hiëronymus David Gaubius.jpg;
1747;1748;Tiberius Hemsterhuis;//upload.wikimedia.org/wikipedia/commons/thumb/0/03/Tiberius_Hemsterhuis_LB.jpg/62pxTiberius_Hemsterhuis_LB.jpg;pictures/Tiberius Hemsterhuis.jpg;
1748;1749;Johannes Alberti;//upload.wikimedia.org/wikipedia/commons/thumb/a/a2/Johannes_alberti.jpeg/62pxJohannes_alberti.jpeg;pictures/Johannes Alberti.jpg;
1749;1750;Joachim Schwartz;//upload.wikimedia.org/wikipedia/commons/thumb/6/6f/JoachimSchwartz.jpg/62pxJoachimSchwartz.jpg;pictures/Joachim Schwartz.jpg;
1750;1751;Frederik Winter;//upload.wikimedia.org/wikipedia/commons/thumb/4/4e/FrederikWinterLB.jpg/62pxFrederikWinterLB.jpg;pictures/Frederik Winter.jpg;
1751;1752;Franciscus van Oudendorp;//upload.wikimedia.org/wikipedia/commons/thumb/b/bc/FranzOudendorp.jpg/62pxFranzOudendorp.jpg;pictures/Franciscus van Oudendorp.jpg;
1752;1753;Joannes Esgers;//upload.wikimedia.org/wikipedia/commons/thumb/a/ae/JohannEsgers.jpg/62pxJohannEsgers.jpg;pictures/Joannes Esgers.jpg;
1753;1754;Andreas Weiss;//upload.wikimedia.org/wikipedia/commons/thumb/6/62/AndreasWeissBasLB.jpg/62pxAndreasWeissBasLB.jpg;pictures/Andreas Weiss.jpg;
1754;1755;Frederik Bernard Albinus;;;
1755;1756;Johannes Lulofs;//upload.wikimedia.org/wikipedia/commons/thumb/e/e1/Johannes_Lulofs.jpg/62pxJohannes_Lulofs.jpg;pictures/Johannes Lulofs.jpg;
1756;1757;Bernhardinus de Moor;//upload.wikimedia.org/wikipedia/commons/thumb/e/ea/BernarddeMoor.jpg/62pxBernarddeMoor.jpg;pictures/Bernhardinus de Moor.jpg;
1757;1758;Joannes Conradus Rücker;//upload.wikimedia.org/wikipedia/commons/thumb/e/e1/J_C_Ruecker.jpg/62pxJ_C_Ruecker.jpg;pictures/Joannes Conradus Rücker.jpg;2
1758;1759;Adriaan van Royen;//upload.wikimedia.org/wikipedia/commons/thumb/4/41/Adriaan_van_Royen.jpg/62pxAdriaan_van_Royen.jpg;pictures/Adriaan van Royen.jpg;2
1759;1760;Johannes Nicolaus Sebastianus Allamand;//upload.wikimedia.org/wikipedia/commons/thumb/f/f8/J_N_S_Allamand.jpg/62pxJ_N_S_Allamand.jpg;pictures/Johannes Nicolaus Sebastianus Allamand.jpg;
1760;1761;Joannes Jacobus Schultens;//upload.wikimedia.org/wikipedia/commons/thumb/7/75/JanJacobSchultens.jpg/62pxJanJacobSchultens.jpg;pictures/Joannes Jacobus Schultens.jpg;
1761;1762;Gerlach Scheltinga;//upload.wikimedia.org/wikipedia/commons/thumb/d/df/G_Scheltinga.jpg/62pxG_Scheltinga.jpg;pictures/Gerlach Scheltinga.jpg;2
1762;1763;Hiëronymus David Gaubius;//upload.wikimedia.org/wikipedia/commons/thumb/2/23/HieronymusDavidGaub.jpg/62pxHieronymusDavidGaub.jpg;pictures/Hiëronymus David Gaubius.jpg;2
1763;1764;David van Royen;;;
1764;1765;Ewaldus Hollebeek;//upload.wikimedia.org/wikipedia/commons/thumb/5/50/Ewald_Hollebeek.jpg/62pxEwald_Hollebeek.jpg;pictures/Ewaldus Hollebeek.jpg;
1765;1766;Frederik Willem Pestel;//upload.wikimedia.org/wikipedia/commons/thumb/4/47/FriedrichWilhelmPestel.jpg/62pxFriedrichWilhelmPestel.jpg;pictures/Frederik Willem Pestel.jpg;
1766;1767;Frederik Bernard Albinus;;;2
1767;1768;David Ruhnken;//upload.wikimedia.org/wikipedia/commons/thumb/1/18/DavidRhunkenius.jpg/62pxDavidRhunkenius.jpg;pictures/David Ruhnken.jpg;
1768;1769;Aegidius Gillissen;//upload.wikimedia.org/wikipedia/commons/thumb/e/ed/Aegidius_Gillisen.jpg/62pxAegidius_Gillisen.jpg;pictures/Aegidius Gillissen.jpg;
1769;1770;Bavius Voorda;//upload.wikimedia.org/wikipedia/commons/thumb/6/63/BaviusVoorda.jpg/62pxBaviusVoorda.jpg;pictures/Bavius Voorda.jpg;
1770;1771;Adriaan van Royen;//upload.wikimedia.org/wikipedia/commons/thumb/6/64/AdriaanvanRoyen.jpg/62pxAdriaanvanRoyen.jpg;pictures/Adriaan van Royen.jpg;3
1771;1772;Lodewijk Caspar Valckenaer;;;
1772;1773;Hermannus Scholten;//upload.wikimedia.org/wikipedia/commons/thumb/1/1c/HermannScholten.jpg/62pxHermannScholten.jpg;pictures/Hermannus Scholten.jpg;
1773;1774;Dionysius Godefridus van der Keessel;//upload.wikimedia.org/wikipedia/commons/thumb/c/c3/DionysiusGodefridusvande.jpg/62pxDionysiusGodefridusvande.jpg;pictures/Dionysius Godefridus van der Keessel.jpg;
1774;1775;Hiëronymus David Gaubius;//upload.wikimedia.org/wikipedia/commons/thumb/2/23/HieronymusDavidGaub.jpg/62pxHieronymusDavidGaub.jpg;pictures/Hiëronymus David Gaubius.jpg;3
1775;1776;Didericus van der Kemp;//upload.wikimedia.org/wikipedia/commons/thumb/3/32/DidericusvanderKemp.jpg/62pxDidericusvanderKemp.jpg;pictures/Didericus van der Kemp.jpg;
1776;1777;Nicolaas Hoogvliet;//upload.wikimedia.org/wikipedia/commons/thumb/5/50/NicolaasHoogvliet.jpg/62pxNicolaasHoogvliet.jpg;pictures/Nicolaas Hoogvliet.jpg;
1777;1778;Frederik Willem Pestel;//upload.wikimedia.org/wikipedia/commons/thumb/4/47/FriedrichWilhelmPestel.jpg/62pxFriedrichWilhelmPestel.jpg;pictures/Frederik Willem Pestel.jpg;2
1778;1778;Frederik Bernard Albinus;;;(3) +
1778;1779;Gualtherus van Doeveren;//upload.wikimedia.org/wikipedia/commons/thumb/5/5b/GualtherusvanDoeveren.jpg/62pxGualtherusvanDoeveren.jpg;pictures/Gualtherus van Doeveren.jpg;
1779;1780;Dionysius van de Wijnpersse;//upload.wikimedia.org/wikipedia/commons/thumb/a/ab/DionysiusvandeWijnpersse.jpg/62pxDionysiusvandeWijnpersse.jpg;pictures/Dionysius van de Wijnpersse.jpg;
1780;1781;Ewaldus Hollebeek;//upload.wikimedia.org/wikipedia/commons/thumb/5/50/Ewald_Hollebeek.jpg/62pxEwald_Hollebeek.jpg;pictures/Ewaldus Hollebeek.jpg;2
1781;1782;Bavius Voorda;//upload.wikimedia.org/wikipedia/commons/thumb/6/63/BaviusVoorda.jpg/62pxBaviusVoorda.jpg;pictures/Bavius Voorda.jpg;2
1782;1783;Eduard Sandifort;//upload.wikimedia.org/wikipedia/commons/thumb/c/c7/EduardSandifurt.jpg/62pxEduardSandifurt.jpg;pictures/Eduard Sandifort.jpg;1
1783;1784;Adriaan Kluit;//upload.wikimedia.org/wikipedia/commons/thumb/c/cf/Adriaan_Kluit.jpeg/62pxAdriaan_Kluit.jpeg;pictures/Adriaan Kluit.jpg;
1784;1785;Carolus Boers;//upload.wikimedia.org/wikipedia/commons/thumb/1/17/CarolusBoers.jpg/62pxCarolusBoers.jpg;pictures/Carolus Boers.jpg;
1785;1786;Dionysius Godefridus van der Keessel;//upload.wikimedia.org/wikipedia/commons/thumb/c/c3/DionysiusGodefridusvande.jpg/62pxDionysiusGodefridusvande.jpg;pictures/Dionysius Godefridus van der Keessel.jpg;2
1786;1787;Nicolaus Georgius Oosterdijk Johanszoon;//upload.wikimedia.org/wikipedia/commons/thumb/4/42/NicolausGeorgiusOosterdijk.jpg/62pxNicolausGeorgiusOosterdijk.jpg;pictures/Nicolaus Georgius Oosterdijk Johanszoon.jpg;
1787;1788;Hendrik Albert Schultens;//upload.wikimedia.org/wikipedia/commons/thumb/5/5d/Hendrik_Albert_Schultens.jpg/62pxHendrik_Albert_Schultens.jpg;pictures/Hendrik Albert Schultens.jpg;
1788;1789;Frederik Willem Pestel;//upload.wikimedia.org/wikipedia/commons/thumb/4/47/FriedrichWilhelmPestel.jpg/62pxFriedrichWilhelmPestel.jpg;pictures/Frederik Willem Pestel.jpg;3
1789;1790;Jona Willem te Water;//upload.wikimedia.org/wikipedia/commons/thumb/3/36/JonaWillemdeWater.jpg/62pxJonaWillemdeWater.jpg;pictures/Jona Willem te Water.jpg;1
1790;1791;Florentius Jacobus Voltelen;//upload.wikimedia.org/wikipedia/commons/thumb/9/9d/FlorisJacobusVoltelen.jpg/62pxFlorisJacobusVoltelen.jpg;pictures/Florentius Jacobus Voltelen.jpg;
1791;1792;Dionysius Godefridus van der Keessel;//upload.wikimedia.org/wikipedia/commons/thumb/c/c3/DionysiusGodefridusvande.jpg/62pxDionysiusGodefridusvande.jpg;pictures/Dionysius Godefridus van der Keessel.jpg;3
1792;1793;Broërius Broes;//upload.wikimedia.org/wikipedia/commons/thumb/a/ad/Bro%C3%ABriusBroes.jpg/62pxBro%C3%ABriusBroes.jpg;pictures/Broërius Broes.jpg;
1793;1794;Nicolaas Paradijs;//upload.wikimedia.org/wikipedia/commons/thumb/f/f7/NicolaasParadijs.jpg/62pxNicolaasParadijs.jpg;pictures/Nicolaas Paradijs.jpg;
1794;1795;Johan Luzac;//upload.wikimedia.org/wikipedia/commons/thumb/e/eb/JohannLucac.jpg/62pxJohannLucac.jpg;pictures/Johan Luzac.jpg;
1795;1796;Nicolaas Smallenburg;//upload.wikimedia.org/wikipedia/commons/thumb/6/60/NicolaasSmallenburg.jpg/62pxNicolaasSmallenburg.jpg;pictures/Nicolaas Smallenburg.jpg;1
1796;1797;Sebald Justinus Brugmans;//upload.wikimedia.org/wikipedia/commons/thumb/3/3f/Sebald_Justinus_Brugmans.jpg/62pxSebald_Justinus_Brugmans.jpg;pictures/Sebald Justinus Brugmans.jpg;
1797;1798;Sebald Fulco Johannes Rau;//upload.wikimedia.org/wikipedia/commons/thumb/b/b7/SebaldFulcoJohannesRau.jpg/62pxSebaldFulcoJohannesRau.jpg;pictures/Sebald Fulco Johannes Rau.jpg;
1798;1799;Johannes van der Palm;//upload.wikimedia.org/wikipedia/commons/thumb/3/3e/Van_der_palm.jpeg/62pxVan_der_palm.jpeg;pictures/Johannes van der Palm.jpg;
1799;1800;Meinardus Simon du Pui;//upload.wikimedia.org/wikipedia/commons/thumb/3/31/MeinardSimonduPui.jpg/62pxMeinardSimonduPui.jpg;pictures/Meinardus Simon du Pui.jpg;
1800;1801;Jona Willem te Water;//upload.wikimedia.org/wikipedia/commons/thumb/3/36/JonaWillemdeWater.jpg/62pxJonaWillemdeWater.jpg;pictures/Jona Willem te Water.jpg;2
1801;1802;Eduard Hageman;//upload.wikimedia.org/wikipedia/commons/thumb/a/a1/EduardHageman.jpg/62pxEduardHageman.jpg;pictures/Eduard Hageman.jpg;1
1802;1803;Eduard Sandifort;//upload.wikimedia.org/wikipedia/commons/thumb/c/c7/EduardSandifurt.jpg/62pxEduardSandifurt.jpg;pictures/Eduard Sandifort.jpg;2
1803;1804;Joannes van Voorst;//upload.wikimedia.org/wikipedia/commons/thumb/6/62/JohannesvanVoorst.jpg/62pxJohannesvanVoorst.jpg;pictures/Joannes van Voorst.jpg;1
1804;1805;Sebald Fulco Johannes Rau;//upload.wikimedia.org/wikipedia/commons/thumb/b/b7/SebaldFulcoJohannesRau.jpg/62pxSebaldFulcoJohannesRau.jpg;pictures/Sebald Fulco Johannes Rau.jpg;2
1805;1806;Nicolaas Smallenburg;//upload.wikimedia.org/wikipedia/commons/thumb/6/60/NicolaasSmallenburg.jpg/62pxNicolaasSmallenburg.jpg;pictures/Nicolaas Smallenburg.jpg;2
1806;1807;Nicolaus Georgius Oosterdijk Johanszoon;//upload.wikimedia.org/wikipedia/commons/thumb/4/42/NicolausGeorgiusOosterdijk.jpg/62pxNicolausGeorgiusOosterdijk.jpg;pictures/Nicolaus Georgius Oosterdijk Johanszoon.jpg;2
1807;1808;Simon Speijert van der Eijk;;;
1808;1809;Joannes van Voorst;//upload.wikimedia.org/wikipedia/commons/thumb/6/62/JohannesvanVoorst.jpg/62pxJohannesvanVoorst.jpg;pictures/Joannes van Voorst.jpg;2
1809;1810;Matthijs Siegenbeek;//upload.wikimedia.org/wikipedia/commons/thumb/8/81/Matthijs_Siegenbeek_17741854.gif/62pxMatthijs_Siegenbeek_17741854.gif;pictures/Matthijs Siegenbeek.jpg;1
1810;1811;Eduard Hageman;//upload.wikimedia.org/wikipedia/commons/thumb/a/a1/EduardHageman.jpg/62pxEduardHageman.jpg;pictures/Eduard Hageman.jpg;2
1811;1812;Sebald Justinus Brugmans;//upload.wikimedia.org/wikipedia/commons/thumb/3/3f/Sebald_Justinus_Brugmans.jpg/62pxSebald_Justinus_Brugmans.jpg;pictures/Sebald Justinus Brugmans.jpg;2
1812;1813;Sebald Justinus Brugmans;//upload.wikimedia.org/wikipedia/commons/thumb/3/3f/Sebald_Justinus_Brugmans.jpg/62pxSebald_Justinus_Brugmans.jpg;pictures/Sebald Justinus Brugmans.jpg;3
1813;1816;Joan Melchior Kemper;//upload.wikimedia.org/wikipedia/commons/thumb/5/54/JoanMelchiorKemperGem.jpg/62pxJoanMelchiorKemperGem.jpg;pictures/Joan Melchior Kemper.jpg;
1816;1817;Joannes van Voorst;//upload.wikimedia.org/wikipedia/commons/thumb/6/62/JohannesvanVoorst.jpg/62pxJohannesvanVoorst.jpg;pictures/Joannes van Voorst.jpg;3
1817;1818;Simon Speijert van der Eijk;;;2
1818;1819;Johannes van der Palm;//upload.wikimedia.org/wikipedia/commons/thumb/1/12/Johannes_Hendri_v_d_Palm.jpg/62pxJohannes_Hendri_v_d_Palm.jpg;pictures/Johannes van der Palm.jpg;2
1819;1820;Meinardus Simon du Pui;//upload.wikimedia.org/wikipedia/commons/thumb/3/31/MeinardSimonduPui.jpg/62pxMeinardSimonduPui.jpg;pictures/Meinardus Simon du Pui.jpg;
1820;1821;Nicolaas Smallenburg;//upload.wikimedia.org/wikipedia/commons/thumb/6/60/NicolaasSmallenburg.jpg/62pxNicolaasSmallenburg.jpg;pictures/Nicolaas Smallenburg.jpg;3
1821;1822;Johann Clarisse;//upload.wikimedia.org/wikipedia/commons/thumb/5/5b/JohannClarisseg.jpg/62pxJohannClarisseg.jpg;pictures/Johann Clarisse.jpg;
1822;1823;Cornelis Ekama[4];;;
1823;1824;Matthijs Siegenbeek;//upload.wikimedia.org/wikipedia/commons/thumb/4/42/MatthiasSiegenbeek.jpg/62pxMatthiasSiegenbeek.jpg;pictures/Matthijs Siegenbeek.jpg;2
1824;1825;Gerard Sandifort;//upload.wikimedia.org/wikipedia/commons/thumb/6/62/Sandifort.jpeg/62pxSandifort.jpeg;pictures/Gerard Sandifort.jpg;1
1825;1826;Hendrik Willem Tydeman;//upload.wikimedia.org/wikipedia/commons/thumb/4/45/HWTydeman.jpg/62pxHWTydeman.jpg;pictures/Hendrik Willem Tydeman.jpg;1
1826;1827;Lucas Suringar;//upload.wikimedia.org/wikipedia/commons/thumb/8/8b/LucasSuringar.jpg/62pxLucasSuringar.jpg;pictures/Lucas Suringar.jpg;
1827;1828;Gerard Wttewael van Wickenburgh;//upload.wikimedia.org/wikipedia/commons/thumb/f/fc/GerardWttewaal.jpg/62pxGerardWttewaal.jpg;pictures/Gerard Wttewael van Wickenburgh.jpg;
1828;1829;John Bake;//upload.wikimedia.org/wikipedia/commons/thumb/4/4d/JohnBakeLB.jpg/62pxJohnBakeLB.jpg;pictures/John Bake.jpg;
1829;1830;Michael Jacobus Macquelijn;//upload.wikimedia.org/wikipedia/commons/thumb/a/a4/MichaelJacobusMacquelijn.jpg/62pxMichaelJacobusMacquelijn.jpg;pictures/Michael Jacobus Macquelijn.jpg;
1830;1831;Cornelis Jacobus van Assen;//upload.wikimedia.org/wikipedia/commons/thumb/c/c0/C_J_vanAssen.jpg/62pxC_J_vanAssen.jpg;pictures/Cornelis Jacobus van Assen.jpg;
1831;1832;Wessel Albertus van Hengel;//upload.wikimedia.org/wikipedia/commons/thumb/c/c5/WAvanHengel.jpg/62pxWAvanHengel.jpg;pictures/Wessel Albertus van Hengel.jpg;
1832;1833;Caspar Georg Carl Reinwardt;//upload.wikimedia.org/wikipedia/commons/thumb/7/74/Caspar_Georg_Carl_Reinwardt.jpg/62pxCaspar_Georg_Carl_Reinwardt.jpg;pictures/Caspar Georg Carl Reinwardt.jpg;
1833;1834;Jacob Nieuwenhuis;//upload.wikimedia.org/wikipedia/commons/thumb/9/9e/JNieuwenhuis.jpg/62pxJNieuwenhuis.jpg;pictures/Jacob Nieuwenhuis.jpg;
1834;1835;Jacobus Cornelis Broers;//upload.wikimedia.org/wikipedia/commons/thumb/1/1d/JCBroers.jpg/62pxJCBroers.jpg;pictures/Jacobus Cornelis Broers.jpg;
1835;1836;Henricus Cock;//upload.wikimedia.org/wikipedia/commons/thumb/6/61/HenricusCock.jpg/62pxHenricusCock.jpg;pictures/Henricus Cock.jpg;
1836;1837;Nicolaas Christiaan Kist;//upload.wikimedia.org/wikipedia/commons/thumb/a/ad/NKist.jpg/62pxNKist.jpg;pictures/Nicolaas Christiaan Kist.jpg;(1)[5]
1837;1838;Pieter Johannes Uijlenbroek;;;
1838;1839;Petrus Hofman Peerlkamp;//upload.wikimedia.org/wikipedia/commons/thumb/9/9f/Petrus_Hofmann_Peerlkamp__Imagines_philologorum.jpg/62pxPetrus_Hofmann_Peerlkamp__Imagines_philologorum.jpg;pictures/Petrus Hofman Peerlkamp.jpg;
1839;1840;Cornelis Pruijs van der Hoeven;//upload.wikimedia.org/wikipedia/commons/thumb/0/0b/CPruysvanderHoeven.jpg/62pxCPruysvanderHoeven.jpg;pictures/Cornelis Pruijs van der Hoeven.jpg;
1840;1841;Johan Rudolph Thorbecke;//upload.wikimedia.org/wikipedia/commons/thumb/b/b8/Johan_Rudolf_Thorbecke_portrait_by_Johan_Heinrich_Neuman.jpg/62pxJohan_Rudolf_Thorbecke_portrait_by_Johan_Heinrich_Neuman.jpg;pictures/Johan Rudolph Thorbecke.jpg;
1841;1842;Johan Frederik van Oordt;//upload.wikimedia.org/wikipedia/commons/thumb/f/fe/Oordt%2C_JF_van.jpg/62pxOordt%2C_JF_van.jpg;pictures/Johan Frederik van Oordt.jpg;
1842;1843;Jan van der Hoeven;//upload.wikimedia.org/wikipedia/commons/thumb/c/c0/Jan_van_der_Hoeven_1801_%E2%80%93_1868.jpg/62pxJan_van_der_Hoeven_1801_%E2%80%93_1868.jpg;pictures/Jan van der Hoeven.jpg;
1843;1844;Johannes Matthias Schrant sr.;//upload.wikimedia.org/wikipedia/commons/thumb/0/02/JMSchrantSr.jpg/62pxJMSchrantSr.jpg;pictures/Johannes Matthias Schrant sr..jpg;
1844;1845;Gerard Sandifort;//upload.wikimedia.org/wikipedia/commons/thumb/6/62/Sandifort.jpeg/62pxSandifort.jpeg;pictures/Gerard Sandifort.jpg;2
1845;1846;Hendrik Willem Tydeman;//upload.wikimedia.org/wikipedia/commons/thumb/4/45/HWTydeman.jpg/62pxHWTydeman.jpg;pictures/Hendrik Willem Tydeman.jpg;2
1846;1847;Joannes Henricus Scholten;//upload.wikimedia.org/wikipedia/commons/thumb/1/1d/JHScholten.jpg/62pxJHScholten.jpg;pictures/Joannes Henricus Scholten.jpg;
1847;1848;Antonius Henricus van der Boon Mesch;//upload.wikimedia.org/wikipedia/commons/thumb/6/63/AHvanderBoonMesch.jpg/62pxAHvanderBoonMesch.jpg;pictures/Antonius Henricus van der Boon Mesch.jpg;
1848;1849;Antonie Rutgers;//upload.wikimedia.org/wikipedia/commons/thumb/2/27/ARutgers.jpg/62pxARutgers.jpg;pictures/Antonie Rutgers.jpg;
1849;1850;Gerardus Conradus Bernardus Suringar;//upload.wikimedia.org/wikipedia/commons/thumb/a/ad/GCBSuringar.jpg/62pxGCBSuringar.jpg;pictures/Gerardus Conradus Bernardus Suringar.jpg;
1850;1851;Johan de Wal;//upload.wikimedia.org/wikipedia/commons/thumb/7/7a/Johan_de_Wal_2.jpg/62pxJohan_de_Wal_2.jpg;pictures/Johan de Wal.jpg;
1851;1852;Nicolaas Christiaan Kist;//upload.wikimedia.org/wikipedia/commons/thumb/a/ad/NKist.jpg/62pxNKist.jpg;pictures/Nicolaas Christiaan Kist.jpg;2
1852;1853;Gideon Jan Verdam;//upload.wikimedia.org/wikipedia/commons/thumb/e/e3/GJVerdam.jpg/62pxGJVerdam.jpg;pictures/Gideon Jan Verdam.jpg;
1853;1854;Theodoor Willem Johannes Juynboll;//upload.wikimedia.org/wikipedia/commons/thumb/a/a0/TJuynboll.jpg/62pxTJuynboll.jpg;pictures/Theodoor Willem Johannes Juynboll.jpg;
1854;1855;Frederik Willem Krieger;//upload.wikimedia.org/wikipedia/commons/thumb/b/bc/FKrieger.jpg/62pxFKrieger.jpg;pictures/Frederik Willem Krieger.jpg;
1855;1856;Simon Vissering;//upload.wikimedia.org/wikipedia/commons/thumb/a/aa/S._Vissering.jpg/62pxS._Vissering.jpg;pictures/Simon Vissering.jpg;
1856;1857;Joannes Henricus Scholten;//upload.wikimedia.org/wikipedia/commons/thumb/e/ee/JHScholten2.jpg/62pxJHScholten2.jpg;pictures/Joannes Henricus Scholten.jpg;2
1857;1858;Frederik Kaiser;//upload.wikimedia.org/wikipedia/commons/thumb/e/ef/Frederik_Kaiser.jpg/62pxFrederik_Kaiser.jpg;pictures/Frederik Kaiser.jpg;
1858;1859;Jan Hendrik Stuffken;//upload.wikimedia.org/wikipedia/commons/thumb/0/0b/JHStuffken.jpg/62pxJHStuffken.jpg;pictures/Jan Hendrik Stuffken.jpg;
1859;1860;Abraham Everard Simon Thomas;//upload.wikimedia.org/wikipedia/commons/thumb/0/0d/AbrThomas.jpg/62pxAbrThomas.jpg;pictures/Abraham Everard Simon Thomas.jpg;
1860;1861;Johan de Wal;//upload.wikimedia.org/wikipedia/commons/thumb/7/7a/Johan_de_Wal_2.jpg/62pxJohan_de_Wal_2.jpg;pictures/Johan de Wal.jpg;2
1861;1862;Abraham Kuenen;//upload.wikimedia.org/wikipedia/commons/thumb/c/cd/Abraham_Kuenen.JPG/62pxAbraham_Kuenen.JPG;pictures/Abraham Kuenen.jpg;
1862;1863;Pieter Rijke;//upload.wikimedia.org/wikipedia/commons/thumb/8/83/PLRijke.jpg/62pxPLRijke.jpg;pictures/Pieter Rijke.jpg;
1863;1864;Carel Gabriel Cobet;//upload.wikimedia.org/wikipedia/commons/thumb/0/0d/Carel_Gabriel_Cobet__Imagines_philologorum.jpg/62pxCarel_Gabriel_Cobet__Imagines_philologorum.jpg;pictures/Carel Gabriel Cobet.jpg;
1864;1865;Hidde Halbertsma Justuszoon;//upload.wikimedia.org/wikipedia/commons/thumb/4/42/HHalbertsma.jpg/62pxHHalbertsma.jpg;pictures/Hidde Halbertsma Justuszoon.jpg;
1865;1866;Rembt van Boneval Faure;//upload.wikimedia.org/wikipedia/commons/thumb/d/d0/R_T_H_P_BonevalFaure01.jpg/62pxR_T_H_P_BonevalFaure01.jpg;pictures/Rembt van Boneval Faure.jpg;
1866;1867;Johannes Jacobus Prins;//upload.wikimedia.org/wikipedia/commons/thumb/9/94/JJPrins.jpg/62pxJJPrins.jpg;pictures/Johannes Jacobus Prins.jpg;
1867;1868;Willem Frederik Reinier Suringar;//upload.wikimedia.org/wikipedia/commons/thumb/7/71/W.F.R._Suringa.jpg/62pxW.F.R._Suringa.jpg;pictures/Willem Frederik Reinier Suringar.jpg;
1868;1869;Reinhart Pieter Anne Dozy;//upload.wikimedia.org/wikipedia/commons/thumb/c/ce/Dozy%2C_RPA.jpg/62pxDozy%2C_RPA.jpg;pictures/Reinhart Pieter Anne Dozy.jpg;
1869;1870;Johan Christiaan Gottlob Evers;//upload.wikimedia.org/wikipedia/commons/thumb/3/3a/JCGEvers.jpg/62pxJCGEvers.jpg;pictures/Johan Christiaan Gottlob Evers.jpg;
1870;1871;Joël Emanuel Goudsmit;//upload.wikimedia.org/wikipedia/commons/thumb/3/3b/JEGoudsmit.jpg/62pxJEGoudsmit.jpg;pictures/Joël Emanuel Goudsmit.jpg;
1871;1872;Lodewijk Willem Ernst Rauwenhoff;//upload.wikimedia.org/wikipedia/commons/thumb/c/cd/Rauwenhoff%2C_LWE.jpg/62pxRauwenhoff%2C_LWE.jpg;pictures/Lodewijk Willem Ernst Rauwenhoff.jpg;
1872;1873;David Bierens de Haan;//upload.wikimedia.org/wikipedia/commons/thumb/d/dd/David_Bierens_de_Haan_1.jpg/62pxDavid_Bierens_de_Haan_1.jpg;pictures/David Bierens de Haan.jpg;
1873;1874;Matthias de Vries;//upload.wikimedia.org/wikipedia/commons/thumb/5/5b/MdeVries.jpg/62pxMdeVries.jpg;pictures/Matthias de Vries.jpg;
1874;1875;Adriaan Heynsius;//upload.wikimedia.org/wikipedia/commons/thumb/3/39/AHeynsius.jpg/62pxAHeynsius.jpg;pictures/Adriaan Heynsius.jpg;
1875;1876;Joannes Theodorus Buys;//upload.wikimedia.org/wikipedia/commons/thumb/6/6d/JBuys.jpg/62pxJBuys.jpg;pictures/Joannes Theodorus Buys.jpg;
1876;1877;Joannes Henricus Scholten;//upload.wikimedia.org/wikipedia/commons/thumb/1/1d/JHScholten.jpg/62pxJHScholten.jpg;pictures/Joannes Henricus Scholten.jpg;3
1877;1877;Pieter van Geer;//upload.wikimedia.org/wikipedia/commons/thumb/d/d4/PvanGeer.jpg/62pxPvanGeer.jpg;pictures/Pieter van Geer.jpg;1
1877;1878;Robert Fruin;//upload.wikimedia.org/wikipedia/commons/thumb/a/a5/Robert_Fruin.jpg/62pxRobert_Fruin.jpg;pictures/Robert Fruin.jpg;
1878;1879;Anthony Modderman;//upload.wikimedia.org/wikipedia/commons/thumb/9/98/AEJModderman_01.jpg/62pxAEJModderman_01.jpg;pictures/Anthony Modderman.jpg;
1879;1880;Johan Hendrik Caspar Kern;//upload.wikimedia.org/wikipedia/commons/thumb/7/7d/Johan_Hendrik_Caspar_Kern.jpg/62pxJohan_Hendrik_Caspar_Kern.jpg;pictures/Johan Hendrik Caspar Kern.jpg;
1880;1881;Teunis Zaayer;//upload.wikimedia.org/wikipedia/commons/thumb/d/d0/TZaayer.jpg/62pxTZaayer.jpg;pictures/Teunis Zaayer.jpg;Ook geschreven als Teunis Zaaijer
1881;1882;Michael Jan de Goeje;//upload.wikimedia.org/wikipedia/commons/thumb/d/d4/Dr._M.J._de_Goeje.jpg/62pxDr._M.J._de_Goeje.jpg;pictures/Michael Jan de Goeje.jpg;
1882;1883;Pieter van Geer;//upload.wikimedia.org/wikipedia/commons/thumb/d/d4/PvanGeer.jpg/62pxPvanGeer.jpg;pictures/Pieter van Geer.jpg;2
1883;1884;Derk Doyer;//upload.wikimedia.org/wikipedia/commons/thumb/4/43/DDoyer.jpg/62pxDDoyer.jpg;pictures/Derk Doyer.jpg;
1884;1885;Guillaume Daniel Louis Huet;//upload.wikimedia.org/wikipedia/commons/thumb/2/2e/Dr._G.D.L._Huet.jpg/62pxDr._G.D.L._Huet.jpg;pictures/Guillaume Daniel Louis Huet.jpg;
1885;1886;Jan Pieter Nicolaas Land;//upload.wikimedia.org/wikipedia/commons/thumb/5/5d/J.P.N._Land.jpg/62pxJ.P.N._Land.jpg;pictures/Jan Pieter Nicolaas Land.jpg;
1886;1887;Hendricus Gerardus van de Sande Bakhuyzen;//upload.wikimedia.org/wikipedia/commons/thumb/5/5d/H_G_v_d_SandeBakhuyzen.jpg/62pxH_G_v_d_SandeBakhuyzen.jpg;pictures/Hendricus Gerardus van de Sande Bakhuyzen.jpg;
1887;1888;Samuel Siegmund Rosenstein;//upload.wikimedia.org/wikipedia/commons/thumb/4/4c/Samuel_siegmond_rosenstein.jpeg/62pxSamuel_siegmond_rosenstein.jpeg;pictures/Samuel Siegmund Rosenstein.jpg;
1888;1889;Jacob Maarten van Bemmelen;//upload.wikimedia.org/wikipedia/commons/thumb/e/e8/JMvanBemmelen.jpg/62pxJMvanBemmelen.jpg;pictures/Jacob Maarten van Bemmelen.jpg;
1889;1890;Antoine Paul Nicolas Franchimont;//upload.wikimedia.org/wikipedia/commons/thumb/a/a4/APNFranchimont.jpg/62pxAPNFranchimont.jpg;pictures/Antoine Paul Nicolas Franchimont.jpg;
1890;1891;Christiaan Karel Hoffmann;//upload.wikimedia.org/wikipedia/commons/thumb/e/ee/CKHoffmann.jpg/62pxCKHoffmann.jpg;pictures/Christiaan Karel Hoffmann.jpg;
1891;1892;Henricus Oort;//upload.wikimedia.org/wikipedia/commons/thumb/2/22/HenricusOort.jpg/62pxHenricusOort.jpg;pictures/Henricus Oort.jpg;
1892;1893;Cornelis Petrus Tiele;//upload.wikimedia.org/wikipedia/commons/thumb/4/4b/CPTiele.png/62pxCPTiele.png;pictures/Cornelis Petrus Tiele.jpg;
1893;1894;Sybrandus Johannes Fockema Andreae;//upload.wikimedia.org/wikipedia/commons/thumb/3/34/S.J._Fockema_Andreae.jpg/62pxS.J._Fockema_Andreae.jpg;pictures/Sybrandus Johannes Fockema Andreae.jpg;
1894;1895;Pieter Antonie van der Lith;//upload.wikimedia.org/wikipedia/commons/thumb/d/d0/PAvanderLith.jpg/62pxPAvanderLith.jpg;pictures/Pieter Antonie van der Lith.jpg;
1895;1896;Johann Karl Ludwig Martin;//upload.wikimedia.org/wikipedia/commons/thumb/c/c1/Karl_Martin.jpg/62pxKarl_Martin.jpg;pictures/Johann Karl Ludwig Martin.jpg;
1896;1897;Albert Cornelis Vreede;//upload.wikimedia.org/wikipedia/commons/thumb/4/4f/AC_Vreede.jpg/62pxAC_Vreede.jpg;pictures/Albert Cornelis Vreede.jpg;
1897;1898;Theodorus Hendrik Mac Gillavry;//upload.wikimedia.org/wikipedia/commons/thumb/0/04/MacGillavry.jpg/62pxMacGillavry.jpg;pictures/Theodorus Hendrik Mac Gillavry.jpg;
1898;1899;Pieter Jacob Cosijn;//upload.wikimedia.org/wikipedia/commons/thumb/2/26/Cosijn.jpg/62pxCosijn.jpg;pictures/Pieter Jacob Cosijn.jpg;
1899;1900;Hendrik Antoon Lorentz;//upload.wikimedia.org/wikipedia/commons/thumb/5/56/Hendrik_lorentz.jpg/62pxHendrik_lorentz.jpg;pictures/Hendrik Antoon Lorentz.jpg;
1900;1901;Jan Egens van Iterson (J.Azn.);//upload.wikimedia.org/wikipedia/commons/thumb/1/1e/JanEgensvanIterson.JPG/62pxJanEgensvanIterson.JPG;pictures/Jan Egens van Iterson (J.Azn.).jpg;
1901;1902;Henri van der Hoeven;//upload.wikimedia.org/wikipedia/commons/thumb/b/b7/HenrivanHoeven.jpg/62pxHenrivanHoeven.jpg;pictures/Henri van der Hoeven.jpg;
1902;1903;Willem van der Vlugt;//upload.wikimedia.org/wikipedia/commons/thumb/f/fe/WvdVlugt.jpg/62pxWvdVlugt.jpg;pictures/Willem van der Vlugt.jpg;
1903;1903;Hendrik Barend Greven;//upload.wikimedia.org/wikipedia/commons/thumb/c/c7/HBGreven.jpg/62pxHBGreven.jpg;pictures/Hendrik Barend Greven.jpg;
1903;1904;Heike Kamerlingh Onnes;//upload.wikimedia.org/wikipedia/commons/thumb/9/94/Kamerlingh_portret.jpg/62pxKamerlingh_portret.jpg;pictures/Heike Kamerlingh Onnes.jpg;
1904;1905;Jan van Leeuwen;//upload.wikimedia.org/wikipedia/commons/thumb/d/d8/JvLeeuwen.jpg/62pxJvLeeuwen.jpg;pictures/Jan van Leeuwen.jpg;
1905;1906;Willem Einthoven;//upload.wikimedia.org/wikipedia/commons/thumb/4/49/Willem_Einthoven.jpg/62pxWillem_Einthoven.jpg;pictures/Willem Einthoven.jpg;
1906;1907;Willem Nolen;//upload.wikimedia.org/wikipedia/commons/thumb/9/9a/WNolen.jpg/62pxWNolen.jpg;pictures/Willem Nolen.jpg;
1907;1908;Jacobus Johannes Hartman;//upload.wikimedia.org/wikipedia/commons/thumb/4/48/HartmanJacJoh.jpg/62pxHartmanJacJoh.jpg;pictures/Jacobus Johannes Hartman.jpg;
1908;1909;Jacob Verdam;//upload.wikimedia.org/wikipedia/commons/thumb/f/fb/Verdamjacob.jpg/62pxVerdamjacob.jpg;pictures/Jacob Verdam.jpg;
1909;1910;Jan Cornelis Kluijver;//upload.wikimedia.org/wikipedia/commons/thumb/0/03/JCKluyver.jpg/62pxJCKluyver.jpg;pictures/Jan Cornelis Kluijver.jpg;
1910;1911;Petrus Johannes Blok;//upload.wikimedia.org/wikipedia/commons/thumb/9/96/PJBlok.jpg/62pxPJBlok.jpg;pictures/Petrus Johannes Blok.jpg;
1911;1912;Fredrik Pijper;//upload.wikimedia.org/wikipedia/commons/thumb/5/58/FPijper.jpg/62pxFPijper.jpg;pictures/Fredrik Pijper.jpg;
1912;1913;Bernardus Dirks Eerdmans;//upload.wikimedia.org/wikipedia/commons/thumb/a/a5/BDEerdmans.jpg/62pxBDEerdmans.jpg;pictures/Bernardus Dirks Eerdmans.jpg;
1913;1914;Gerbrandus Jelgersma;//upload.wikimedia.org/wikipedia/commons/thumb/9/9b/GJelgersma2_%28cropped%29.jpg/62pxGJelgersma2_%28cropped%29.jpg;pictures/Gerbrandus Jelgersma.jpg;
1914;1915;Jacobus Marinus Janse;//upload.wikimedia.org/wikipedia/commons/thumb/6/6d/JMJanse.jpg/62pxJMJanse.jpg;pictures/Jacobus Marinus Janse.jpg;
1915;1916;William Brede Kristensen;//upload.wikimedia.org/wikipedia/commons/thumb/9/90/William_Brede_Kristensen%2C_1914.jpg/62pxWilliam_Brede_Kristensen%2C_1914.jpg;pictures/William Brede Kristensen.jpg;
1916;1917;Cornelis van Vollenhoven;//upload.wikimedia.org/wikipedia/commons/thumb/c/ce/CornelisvanVollenhoven.jpg/62pxCornelisvanVollenhoven.jpg;pictures/Cornelis van Vollenhoven.jpg;
1917;1918;Gerrit Kalff;//upload.wikimedia.org/wikipedia/commons/thumb/4/45/Gerrit_Kalff.jpg/62pxGerrit_Kalff.jpg;pictures/Gerrit Kalff.jpg;
1918;1919;Pieter Cornelis Tobias van der Hoeven;//upload.wikimedia.org/wikipedia/commons/thumb/6/68/PCTvanderHoeven1928.jpg/62pxPCTvanderHoeven1928.jpg;pictures/Pieter Cornelis Tobias van der Hoeven.jpg;
1919;1920;Anton Willem Nieuwenhuis;//upload.wikimedia.org/wikipedia/commons/thumb/e/e0/Nieuwenhuis%2C_A.W..jpg/62pxNieuwenhuis%2C_A.W..jpg;pictures/Anton Willem Nieuwenhuis.jpg;
1920;1921;Reinder Pieters van Calcar;//upload.wikimedia.org/wikipedia/commons/thumb/5/5e/RPvanCalcar.jpg/62pxRPvanCalcar.jpg;pictures/Reinder Pieters van Calcar.jpg;
1921;1922;Christiaan Snouck Hurgronje;//upload.wikimedia.org/wikipedia/commons/thumb/a/a4/Christiaan_Snouck_Hurgronje.jpg/62pxChristiaan_Snouck_Hurgronje.jpg;pictures/Christiaan Snouck Hurgronje.jpg;
1922;1922;Johannes Petrus Kuenen;//upload.wikimedia.org/wikipedia/commons/thumb/5/54/Johannes_Petrus_Kuenen.jpg/62pxJohannes_Petrus_Kuenen.jpg;pictures/Johannes Petrus Kuenen.jpg;
1922;1923;Leopold van Itallie;//upload.wikimedia.org/wikipedia/commons/thumb/f/fc/Leopold_van_Itallie.jpg/62pxLeopold_van_Itallie.jpg;pictures/Leopold van Itallie.jpg;
1923;1924;Hugo Krabbe;//upload.wikimedia.org/wikipedia/commons/thumb/b/bb/HKrabbe.jpg/62pxHKrabbe.jpg;pictures/Hugo Krabbe.jpg;
1924;1925;Anthony Johannes Blok;//upload.wikimedia.org/wikipedia/commons/thumb/b/b6/Blok1917.jpg/62pxBlok1917.jpg;pictures/Anthony Johannes Blok.jpg;
1925;1926;Willem de Sitter;//upload.wikimedia.org/wikipedia/commons/thumb/8/82/Sitter.jpg/62pxSitter.jpg;pictures/Willem de Sitter.jpg;
1926;1927;Eduard Meijers;//upload.wikimedia.org/wikipedia/commons/thumb/5/5f/EMMeijers1917.jpg/62pxEMMeijers1917.jpg;pictures/Eduard Meijers.jpg;
1927;1928;Arent Jan Wensinck;//upload.wikimedia.org/wikipedia/commons/thumb/5/5e/AJWensinck.jpg/62pxAJWensinck.jpg;pictures/Arent Jan Wensinck.jpg;
1928;1929;Willem Jan Mari van Eysinga;//upload.wikimedia.org/wikipedia/commons/thumb/f/f3/WJMvanEysinga1907.jpg/62pxWJMvanEysinga1907.jpg;pictures/Willem Jan Mari van Eysinga.jpg;
1929;1930;Nicolaas van Wijk;//upload.wikimedia.org/wikipedia/commons/thumb/9/98/NvanWijk.JPG/62pxNvanWijk.JPG;pictures/Nicolaas van Wijk.jpg;
1930;1931;Jean Philippe Vogel;//upload.wikimedia.org/wikipedia/commons/thumb/5/51/Prof._dr.J._Ph._Vogel%2C_1931.jpg/62pxProf._dr.J._Ph._Vogel%2C_1931.jpg;pictures/Jean Philippe Vogel.jpg;
1931;1932;Jan Johannes Blanksma;//upload.wikimedia.org/wikipedia/commons/thumb/9/95/Jan_Johannes_Blanksma.jpg/62pxJan_Johannes_Blanksma.jpg;pictures/Jan Johannes Blanksma.jpg;
1932;1932;Johannes Henricus Zaaijer;//upload.wikimedia.org/wikipedia/commons/thumb/e/ed/J.H._Zaaijer.jpg/62pxJ.H._Zaaijer.jpg;pictures/Johannes Henricus Zaaijer.jpg;
1932;1933;Johan Huizinga;//upload.wikimedia.org/wikipedia/commons/thumb/f/f1/JohanHuizinga.jpg/62pxJohanHuizinga.jpg;pictures/Johan Huizinga.jpg;
1933;1934;Durk van Blom;//upload.wikimedia.org/wikipedia/commons/thumb/7/7d/DurkvanBlom.jpg/62pxDurkvanBlom.jpg;pictures/Durk van Blom.jpg;
1934;1935;Willem van der Woude;//upload.wikimedia.org/wikipedia/commons/thumb/2/2f/WvdWoude1917.jpg/62pxWvdWoude1917.jpg;pictures/Willem van der Woude.jpg;
1935;1936;Anne Siberdinus de Blécourt;//upload.wikimedia.org/wikipedia/commons/thumb/d/d5/ASdeBlecourt.jpg/62pxASdeBlecourt.jpg;pictures/Anne Siberdinus de Blécourt.jpg;
1936;1937;Jan van der Hoeve;//upload.wikimedia.org/wikipedia/commons/thumb/a/a6/JvanderHoeve.jpg/62pxJvanderHoeve.jpg;pictures/Jan van der Hoeve.jpg;
1937;1938;Ton Barge;//upload.wikimedia.org/wikipedia/commons/thumb/9/9f/JBarge.jpg/62pxJBarge.jpg;pictures/Ton Barge.jpg;
1938;1939;Paul Christiaan Flu;//upload.wikimedia.org/wikipedia/commons/thumb/6/62/Paul_Christiaan_Flu.jpg/62pxPaul_Christiaan_Flu.jpg;pictures/Paul Christiaan Flu.jpg;
1939;1940;Frederik Muller Jzn;//upload.wikimedia.org/wikipedia/commons/thumb/7/79/FMullerJzn18831944.jpg/62pxFMullerJzn18831944.jpg;pictures/Frederik Muller Jzn.jpg;
1940;1941;Alexander Willem Byvanck;;;
1941;1943;Willem van der Woude;//upload.wikimedia.org/wikipedia/commons/thumb/2/2f/WvdWoude1917.jpg/62pxWvdWoude1917.jpg;pictures/Willem van der Woude.jpg;(2) (waarnemend rector)(RU Leiden vanaf 27 nov. 1941 grotendeels gesloten)
1943;1945;;;;(Rijksuniversiteit Leiden gesloten door Duitse bezetter)
1945;1945;Willem van der Woude;//upload.wikimedia.org/wikipedia/commons/thumb/4/40/WvdWoude1945.jpg/62pxWvdWoude1945.jpg;pictures/Willem van der Woude.jpg;(3) (mei-sept.)
1945;1946;Berend George Escher;//upload.wikimedia.org/wikipedia/commons/thumb/e/e9/Berend_Escher_1945.jpg/62pxBerend_Escher_1945.jpg;pictures/Berend George Escher.jpg;
1946;1947;Rudolph Pabus Cleveringa;//upload.wikimedia.org/wikipedia/commons/thumb/2/25/Cleveringa.JPG/62pxCleveringa.JPG;pictures/Rudolph Pabus Cleveringa.jpg;
1947;1948;Julius Christiaan van Oven;//upload.wikimedia.org/wikipedia/commons/thumb/c/cd/Oven%2C_Prof._Mr._J._Chr._van__SFA007000348.jpg/62pxOven%2C_Prof._Mr._J._Chr._van__SFA007000348.jpg;pictures/Julius Christiaan van Oven.jpg;
1948;1949;Cornelis Christiaan Berg;//upload.wikimedia.org/wikipedia/commons/thumb/1/16/Prof.C._C._Berg%2C_Bestanddeelnr_9092446.jpg/62pxProf.C._C._Berg%2C_Bestanddeelnr_9092446.jpg;pictures/Cornelis Christiaan Berg.jpg;
1949;1950;Bernard van Groningen;//upload.wikimedia.org/wikipedia/commons/thumb/8/81/Buste_van_Bernard_van_Groningen.jpg/62pxBuste_van_Bernard_van_Groningen.jpg;pictures/Bernard van Groningen.jpg;Film 1950: Rector Magnificus Bernard van Groningenontvangt boeken uit Amerika
1950;1951;Siegfried Thomas Bok;//upload.wikimedia.org/wikipedia/commons/thumb/f/fb/STBok.jpg/62pxSTBok.jpg;pictures/Siegfried Thomas Bok.jpg;
1951;1952;Julius Herman Boeke;//upload.wikimedia.org/wikipedia/commons/thumb/0/05/JHBoeke1924.jpg/62pxJHBoeke1924.jpg;pictures/Julius Herman Boeke.jpg;
1952;1953;Jan Duyvendak;//upload.wikimedia.org/wikipedia/commons/thumb/7/7e/JJL_Duyvendak.jpg/62pxJJL_Duyvendak.jpg;pictures/Jan Duyvendak.jpg;
1953;1954;Jacob Maarten van Bemmelen jr.;//upload.wikimedia.org/wikipedia/commons/thumb/b/b1/VollenhovenVanBemmelen.jpg/62pxVollenhovenVanBemmelen.jpg;pictures/Jacob Maarten van Bemmelen jr..jpg;
1954;1955;Jan Nicolaas Bakhuizen van den Brink;//upload.wikimedia.org/wikipedia/commons/thumb/0/09/JNBakhuizen1969.jpg/62pxJNBakhuizen1969.jpg;pictures/Jan Nicolaas Bakhuizen van den Brink.jpg;
1955;1956;Anton Eduard van Arkel;//upload.wikimedia.org/wikipedia/commons/thumb/5/5d/AEvanArkel.tif/lossypage162pxAEvanArkel.tif.jpg;pictures/Anton Eduard van Arkel.jpg;
1956;1957;Pieter Arie Hendrik de Boer;;;
1957;1958;Samuel Elzevier de Jongh;//upload.wikimedia.org/wikipedia/commons/thumb/0/06/JonghReve1957.jpg/62pxJonghReve1957.jpg;pictures/Samuel Elzevier de Jongh.jpg;
1958;1959;Herman Johannes Lam;//upload.wikimedia.org/wikipedia/commons/thumb/9/97/HJLam1957.jpg/62pxHJLam1957.jpg;pictures/Herman Johannes Lam.jpg;
1959;1960;Jan Engbertus Jonkers;;;
1960;1961;Jan Volkert Rijpperda Wierdsma;//upload.wikimedia.org/wikipedia/commons/thumb/7/75/VdMandeleRijpperdaW.jpg/62pxVdMandeleRijpperdaW.jpg;pictures/Jan Volkert Rijpperda Wierdsma.jpg;
1961;1962;Gerhard Sevenster;//upload.wikimedia.org/wikipedia/commons/thumb/1/12/GSevenster.jpg/62pxGSevenster.jpg;pictures/Gerhard Sevenster.jpg;
1962;1963;Sem Dresden;//upload.wikimedia.org/wikipedia/commons/thumb/c/c9/Hugo_Brandt_Corstius_ontvangt_PC_Hooftprijs_1987_uit_handen_prof._Dresden_%28l%29_vo%2C_Bestanddeelnr_9342598.jpg/62pxHugo_Brandt_Corstius_ontvangt_PC_Hooftprijs_1987_uit_handen_prof._Dresden_%28l%29_vo%2C_Bestanddeelnr_9342598.jpg;pictures/Sem Dresden.jpg;
1963;1964;Wim den Boer;//upload.wikimedia.org/wikipedia/commons/thumb/b/bd/300JahrFeier_der_ChristianAlbrechtsUniversit%C3%A4t_%28CAU%29_%28Kiel_35.568%29.jpg/62px300JahrFeier_der_ChristianAlbrechtsUniversit%C3%A4t_%28CAU%29_%28Kiel_35.568%29.jpg;pictures/Wim den Boer.jpg;
1964;1965;Donald Johan Kuenen;//upload.wikimedia.org/wikipedia/commons/thumb/4/4f/DJKuenen.jpg/62pxDJKuenen.jpg;pictures/Donald Johan Kuenen.jpg;1
1965;1966;Johan Dankmeijer;//upload.wikimedia.org/wikipedia/commons/thumb/0/01/JohanDankmeijer.jpg/62pxJohanDankmeijer.jpg;pictures/Johan Dankmeijer.jpg;
1966;1967;Klaas Hidding;//upload.wikimedia.org/wikipedia/commons/thumb/8/8c/Klaas_Hidding__1971.jpg/62pxKlaas_Hidding__1971.jpg;pictures/Klaas Hidding.jpg;[6]
1967;1968;Piet Muntendam;//upload.wikimedia.org/wikipedia/commons/thumb/1/1a/Muntendam%2C_prof.__SFA008007339.jpg/62pxMuntendam%2C_prof.__SFA008007339.jpg;pictures/Piet Muntendam.jpg;
1968;1969;Louis Kukenheim Ezn.;;;
1969;1970;Johan Goslings;//upload.wikimedia.org/wikipedia/commons/thumb/c/c4/JGoslings.jpg/62pxJGoslings.jpg;pictures/Johan Goslings.jpg;
1970;1971;Cornelis Soeteman;;;
1971;1972;Willem Roelof Oege Goslings;;;
1972;1976;Dolf Cohen;//upload.wikimedia.org/wikipedia/commons/thumb/9/95/JulianaCohen1975.jpg/62pxJulianaCohen1975.jpg;pictures/Dolf Cohen.jpg;
1976;1979;Donald Johan Kuenen;//upload.wikimedia.org/wikipedia/commons/thumb/4/4f/DJKuenen.jpg/62pxDJKuenen.jpg;pictures/Donald Johan Kuenen.jpg;2
1979;1985;Ton Kassenaar;;;
1985;1991;Jan Beenakker;//upload.wikimedia.org/wikipedia/commons/thumb/3/38/JJMBeenakker.jpg/62pxJJMBeenakker.jpg;pictures/Jan Beenakker.jpg;
1991;1997;Lammert Leertouwer;//upload.wikimedia.org/wikipedia/commons/thumb/3/3b/Lammert_Leertouwer_by_Marike_Bok.tiff/losslesspage162pxLammert_Leertouwer_by_Marike_Bok.tiff.png;pictures/Lammert Leertouwer.jpg;
1997;2001;Willem Albert Wagenaar;//upload.wikimedia.org/wikipedia/commons/thumb/f/f3/Willem_Albert_Wagenaar.tiff/lossypage162pxWillem_Albert_Wagenaar.tiff.jpg;pictures/Willem Albert Wagenaar.jpg;
2001;2007;Douwe Breimer;//upload.wikimedia.org/wikipedia/commons/thumb/d/d6/Douwe_Breimer.tiff/lossypage162pxDouwe_Breimer.tiff.jpg;pictures/Douwe Breimer.jpg;tevens voorzitter CvB
2007;2013;Paul van der Heijden;//upload.wikimedia.org/wikipedia/commons/thumb/b/bf/PaulvanderHeijden.jpg/62pxPaulvanderHeijden.jpg;pictures/Paul van der Heijden.jpg;tevens voorzitter CvB
2013;2021;Carel Stolker;//upload.wikimedia.org/wikipedia/commons/thumb/f/f3/CarelStolker.jpg/62pxCarelStolker.jpg;pictures/Carel Stolker.jpg;tevens voorzitter CvB
2021;;Hester Bijl;//upload.wikimedia.org/wikipedia/commons/thumb/9/9b/Hester_Bijl_2019.jpg/62pxHester_Bijl_2019.jpg;pictures/Hester Bijl.jpg;
